{
    "swagger": "2.0",
    "info": {
        "description": "This is a sample go lang api. \\n\\n **Update 1.1** \\n\\t - *ตัวอย่าง Authen* \\n\\t - *call แบบ RawSQL*",
        "title": "Swagger Example Golang API",
        "termsOfService": "http://swagger.io/terms/",
        "contact": {},
        "license": {
            "name": "Apache 2.0",
            "url": "http://www.apache.org/licenses/LICENSE-2.0.html"
        },
        "version": "1.1"
    },
    "host": "localhost:8086",
    "basePath": "/api/v1",
    "paths": {
        "/customer": {
            "get": {
                "description": "Get Customer Data",
                "consumes": [
                    "application/json"
                ],
                "produces": [
                    "application/json"
                ],
                "tags": [
                    "Customer"
                ],
                "summary": "ลุกค้า",
                "responses": {
                    "200": {
                        "description": "OK",
                        "schema": {
                            "$ref": "#/definitions/model.Controller"
                        }
                    },
                    "400": {
                        "description": "Bad Request",
                        "schema": {
                            "$ref": "#/definitions/handler.HTTPError"
                        }
                    },
                    "404": {
                        "description": "Not Found",
                        "schema": {
                            "$ref": "#/definitions/handler.HTTPError"
                        }
                    },
                    "500": {
                        "description": "Internal Server Error",
                        "schema": {
                            "$ref": "#/definitions/handler.HTTPError"
                        }
                    }
                }
            },
            "put": {
                "description": "Adjust Customer",
                "consumes": [
                    "application/json"
                ],
                "produces": [
                    "application/json"
                ],
                "tags": [
                    "Customer"
                ],
                "summary": "แก้ไข ลุกค้า",
                "parameters": [
                    {
                        "description": "Model Customer",
                        "name": "account",
                        "in": "body",
                        "required": true,
                        "schema": {
                            "$ref": "#/definitions/model.CustomerModel"
                        }
                    }
                ],
                "responses": {
                    "200": {
                        "description": "OK",
                        "schema": {
                            "$ref": "#/definitions/model.Controller"
                        }
                    },
                    "400": {
                        "description": "Bad Request",
                        "schema": {
                            "$ref": "#/definitions/handler.HTTPError"
                        }
                    },
                    "404": {
                        "description": "Not Found",
                        "schema": {
                            "$ref": "#/definitions/handler.HTTPError"
                        }
                    },
                    "500": {
                        "description": "Internal Server Error",
                        "schema": {
                            "$ref": "#/definitions/handler.HTTPError"
                        }
                    }
                }
            },
            "post": {
                "description": "Create Customer",
                "consumes": [
                    "application/json"
                ],
                "produces": [
                    "application/json"
                ],
                "tags": [
                    "Customer"
                ],
                "summary": "สร้าง ลุกค้า",
                "parameters": [
                    {
                        "description": "Model Customer",
                        "name": "account",
                        "in": "body",
                        "required": true,
                        "schema": {
                            "$ref": "#/definitions/model.CustomerModel"
                        }
                    }
                ],
                "responses": {
                    "200": {
                        "description": "OK",
                        "schema": {
                            "$ref": "#/definitions/model.Controller"
                        }
                    },
                    "400": {
                        "description": "Bad Request",
                        "schema": {
                            "$ref": "#/definitions/handler.HTTPError"
                        }
                    },
                    "404": {
                        "description": "Not Found",
                        "schema": {
                            "$ref": "#/definitions/handler.HTTPError"
                        }
                    },
                    "500": {
                        "description": "Internal Server Error",
                        "schema": {
                            "$ref": "#/definitions/handler.HTTPError"
                        }
                    }
                }
            }
        },
        "/customer/{id}": {
            "get": {
                "description": "Get Customer Data",
                "consumes": [
                    "application/json"
                ],
                "produces": [
                    "application/json"
                ],
                "tags": [
                    "Customer"
                ],
                "summary": "ลุกค้า",
                "parameters": [
                    {
                        "type": "string",
                        "description": "id",
                        "name": "id",
                        "in": "path",
                        "required": true
                    }
                ],
                "responses": {
                    "200": {
                        "description": "OK",
                        "schema": {
                            "$ref": "#/definitions/model.Controller"
                        }
                    },
                    "400": {
                        "description": "Bad Request",
                        "schema": {
                            "$ref": "#/definitions/handler.HTTPError"
                        }
                    },
                    "404": {
                        "description": "Not Found",
                        "schema": {
                            "$ref": "#/definitions/handler.HTTPError"
                        }
                    },
                    "500": {
                        "description": "Internal Server Error",
                        "schema": {
                            "$ref": "#/definitions/handler.HTTPError"
                        }
                    }
                }
            },
            "delete": {
                "description": "Delete Customer",
                "consumes": [
                    "application/json"
                ],
                "produces": [
                    "application/json"
                ],
                "tags": [
                    "Customer"
                ],
                "summary": "ลบ ลุกค้า",
                "parameters": [
                    {
                        "type": "string",
                        "description": "any id",
                        "name": "id",
                        "in": "path",
                        "required": true
                    }
                ],
                "responses": {
                    "200": {
                        "description": "OK",
                        "schema": {
                            "$ref": "#/definitions/model.Controller"
                        }
                    },
                    "400": {
                        "description": "Bad Request",
                        "schema": {
                            "$ref": "#/definitions/handler.HTTPError"
                        }
                    },
                    "404": {
                        "description": "Not Found",
                        "schema": {
                            "$ref": "#/definitions/handler.HTTPError"
                        }
                    },
                    "500": {
                        "description": "Internal Server Error",
                        "schema": {
                            "$ref": "#/definitions/handler.HTTPError"
                        }
                    }
                }
            }
        }
    },
    "definitions": {
        "handler.HTTPError": {
            "type": "object",
            "properties": {
                "code": {
                    "type": "integer"
                },
                "message": {
                    "type": "string"
                }
            }
        },
        "model.Controller": {
            "type": "object",
            "properties": {
                "data": {},
                "message": {
                    "type": "string",
                    "example": "success"
                }
            }
        },
        "model.CustomerModel": {
            "type": "object",
            "properties": {
                "CustomerId": {
                    "type": "string"
                },
                "FirstName": {
                    "type": "string"
                },
                "Id": {
                    "type": "integer"
                },
                "LastName": {
                    "type": "string"
                }
            }
        }
    }
}